realme官方旗舰店,【4.17号限时整点抢5折】realme真我GTNeo2高通骁龙87065W闪充E4旗舰屏学生智能拍照游戏官方正品gtneo2,2599.00,3000+人付款,广东 东莞
苏宁易购官方旗舰店,【限时限量抢购】Apple/苹果 iPhone 13 移动联通电信全网通5G新品智能手机苏宁易购官方旗舰店官网正品,5999.00,400+人付款,江苏 南京
苏宁易购官方旗舰店,【限时限量抢】Apple/苹果 iPhone 13 mini 移动联通电信5G全网通新品手机官方旗舰店正品官方,7599.00,57人付款,江苏 南京
机御旗舰店,24期花呗免息付款0首付 Apple/苹果iPhone 13 Pro手机5G苹果13Pro手机旗舰店正品国行官方新款全网通官网苹果,5698.00,600+人付款,广东 深圳
中国移动官方旗舰店,支持88vip券移动用户专享440元小米Redmi红米Note 9 5G手机中国移动官旗学生小米note9小米官方旗舰店,1449.00,9000+人付款,浙江 杭州
中国移动官方旗舰店,【 至高已降500 移动用户专享 中国移动官旗】苹果 12手机iPhone 12苹果手机移动官方旗舰店苹果12ProMax,4199.00,900+人付款,浙江 杭州
机御旗舰店,顺丰速发 【送小米双肩包】Xiaomi/小米 小米11 5G手机骁龙888官方旗舰店正品官网11Ultra小米11pro直降,2859.00,200+人付款,广东 深圳
小米官方旗舰店,【512GB版本6999元 立即抢购】小米MIX FOLD小米手机小米mixfold手机折叠屏手机游戏小米官方旗舰店,7999.00,300+人付款,北京
小米官方旗舰店,【领券减200元 抢先加购】Xiaomi 12X 5g骁龙870处理器智能全面屏幕小米12X小米官方旗舰店官网新品安卓,2999.00,1000+人付款,北京
三星官方旗舰店,【赠Watch4蓝牙手表】三星W22心系天下高端系列5G全新官方正品折叠屏5G智能手机骁龙888处理器,17399.00,100+人付款,北京
oppo官方旗舰店,【林依轮直播间】OPPO Reno7 5G手机智能拍照官网正品新款电竞游戏大内存学生手机oppo旗舰店reno7,2399.00,8000+人付款,广东 东莞
佰分购旗舰店,【3期免息 赠碎屏险】Redmi红米K40 5G手机官方旗舰店小米k40正品Xiaomi/小米红米k40pro游戏增强版redmik40,1999.00,300+人付款,广东 深圳
荣耀官方旗舰店,HONOR/荣耀60 5G手机高通骁龙芯片 AI识别 Vlog隔空换镜 大内存官方旗舰店官网正品全新智能游戏拍照50,2499.00,1万+人付款,广东 深圳
华为官方旗舰店,HUAWEI/华为nova9 SE 新款华为智能手机一亿像素66W超级快充搭载鸿蒙全面屏华为官方旗舰店正品老人机学生机,2199.00,8000+人付款,广东 深圳
荣耀官方旗舰店,HONOR/荣耀50 5G手机大内存全面屏高通骁龙芯片官方旗舰店官网新款全网通拍照手机,2499.00,500+人付款,广东 深圳
京合旗舰店,24期免息现货发顺丰【赠原厂屏碎屏宝】Huawei/华为Mate 40 Pro 5G手机官方正品P50系列4G旗舰店e,6388.00,400+人付款,安徽 合肥
中国移动手机官方旗舰店,【移动用户专享】HONOR/荣耀X20 5G手机官方旗舰店正品x20全面屏新品直降官网大内存学生,2199.00,1000+人付款,广东 广州
三星官方旗舰店,【至高省2610】三星S21+全新正品5G智能数码手机 Samsung Galaxy全网通骁龙888长续航游戏官网旗舰店,4599.00,500+人付款,北京
浙江移动官方旗舰店,【合约购机 至高优惠2000元 浙江移动用户专享】苹果 13手机浙江移动官方旗舰店iPhone 13苹果官旗13ProMax,5099.00,100+人付款,浙江 杭州
佰分购旗舰店,顺丰速发【立减100元】Huawei/华为nova 8 Pro 5G手机正品官方旗舰店nova8pro系列4G全网通华为nova9智选,3288.00,100+人付款,广东 深圳
京合旗舰店,24期免息立减200元【现货发顺丰】Huawei/华为 P50 Pocket 折叠手机官方旗舰店matex2折叠屏宝盒官网40rs正品,8988.00,100+人付款,安徽 合肥
同步飞扬旗舰店,当天发【24期免息送碎屏宝】OnePlus/一加10Pro 5g手机新品游戏智能官方旗舰店正品OPPO一加10pro 9pro 1+9rt,4699.00,200+人付款,广东 深圳
vivo手机官方旗舰店,【限量抢85折 至高减200元】vivo T1新款高通骁龙778G学生大电池时尚正品拍照智能分期5G游戏老年官网黑x,1799.00,2000+人付款,广东 东莞
华为官方旗舰店,【限时享24期免息】HUAWEI/华为Mate X2 新款5G折叠手机麒麟9000芯片折叠屏华为官方旗舰店,17799.00,400+人付款,广东 深圳
iqoo手机官方旗舰店,【至高省400直播赢299元耳机】vivo iQOO Neo5 SE新品手机高通骁龙870游戏爱酷正品官网官方店iqooneo neo5se,1999.00,1000+人付款,广东 东莞
三际数码官方旗舰店,vivo iQOO Neo5 5G手机iqooneo5 iQOO neo6 iqooneo6 iqooneo5iq00neo5 iooq爱酷ipooneo5vivo官方旗舰店,2499.00,700+人付款,山东 济南
三际数码官方旗舰店,vivo iQOO Z5 全新5g手机 vivoiqooz5 vivo z5手机vivoz5 iqoo z5x iqooz5 爱酷z5 z3 vivo官方旗舰店,1999.00,400+人付款,山东 济南
vivo手机官方旗舰店,【4月22日10点再次开抢】新品vivo XFold全新折叠屏手机骁龙8Gen1拍照智能5G旗舰x fold官方旗舰店官网X70PRO,999999.00,300+人付款,广东 东莞
中国移动手机官方旗舰店,【下单减400元+移动用户专享优惠！】苹果13 Pro手机iPhone 13 Pro苹果手机官方旗舰iphone13Pro,8799.00,200+人付款,广东 广州
搜酷数码专营店,【24期免息】苹果13promax Apple/苹果iPhone 13 Pro Max 5G手机国行官方旗舰iphone13promax 苹果13pro max,9249.00,100+人付款,北京
iqoo手机官方旗舰店,【今日8+256G低至1899】vivo iQOO Neo5活力版高通骁龙870 5g游戏爱酷智能新品手机官方旗舰店iqooneo5 iq00,2199.00,9000+人付款,广东 东莞
搜酷数码专营店,24期免息/咨询减100元 苹果13pro Apple/苹果 iPhone 13 pro 5G手机 苹果官方旗舰iphone13pro 苹果13pro,8499.00,67人付款,北京
香山红蚂蚁旗舰店,【直降450元】苹果12迷你Apple/苹果iPhone 12mini 全新原装5G官方正品旗舰店iPhone 12mini苹果12mini,3749.00,100+人付款,山东 烟台
oppo官方旗舰店,【至高优惠300元】OPPO K9 Pro 5G手机智能拍照全面屏学生游戏手机oppo官方旗舰店官网正品oppok9pro,1699.00,6000+人付款,广东 东莞
realme官方旗舰店,【4.17日20点 券后至高省100】realme真我GTNeo3游戏手机天玑8100150W光速秒充独立显示芯片120Hz畅速屏学生,2299.00,8000+人付款,广东 东莞
天猫超市,vivo iQOO Neo5S新品手机高通888游戏爱酷iqooneo iq00neo5 neo5s,2699.00,1000+人付款,上海
一加官方旗舰店,【6期免息 至高优惠800】OnePlus/一加9RT 5g手机享OPPO售后游戏拍照骁龙手机一加9rt官方旗舰店官网正品,2699.00,3000+人付款,广东 东莞
一加官方旗舰店,【12期免息 至高省100】OnePlus/一加10 Pro 5g享OPPO售后安卓骁龙电竞游戏旗舰智能官方旗舰店官网正品,4699.00,2000+人付款,广东 深圳
天猫超市,【现货速发】Apple/苹果 iPhone 13 Pro手机国行正品5G全国联保,7999.00,1万+人付款,上海
天猫超市,【充值超市卡更优惠】HONOR/荣耀畅玩20大电池正品play手机荣耀20,1149.00,1000+人付款,上海
同步飞扬旗舰店,可减400【24期免息送碎屏宝】OnePlus一加9RT 5g手机新款一加官方旗舰店正品高通骁龙888游戏机9pro学生1+9rt,2899.00,100+人付款,广东 深圳
天猫超市,【官方自营 顺丰包邮 】荣耀X30 手机5G手机 全国联保 顺丰发货,1999.00,900+人付款,上海
天猫超市,【充值超市卡更优惠】OPPO Reno7超感光猫眼镜头新品5G手机,2699.00,300+人付款,上海
壹品良机旗舰店,可减450/顺丰速发/24期免息】HONOR/荣耀Magic4 5G手机官方授权旗舰店magic4系列魔术新品4pro V品牌,3999.00,83人付款,江苏 南京
壹品良机旗舰店,【24期免息/赠碎屏险】小米/Redmi K50 5G手机红米k50官方旗舰店正品小米k50 pro官网游戏学生新款K40S,2599.00,97人付款,上海
